{
  "tiers": [
    {
      "total_exp_required": 0,
      "groups": [
        {
          "num_to_select": 1,
          "trades": [
            {
              "wants": [
                {
                  "item": "minecraft:clay_ball",
                  "quantity": 10,
                  "price_multiplier": 0.05
                }
              ],
              "gives": [
                {
                  "item": "minecraft:emerald",
                  "quantity": 1
                }
              ],
              "trader_exp": 1,
              "max_uses": 4,
              "reward_exp": true
            }
          ]
        },
        {
          "num_to_select": 1,
          "trades": [
            {
              "wants": [
                {
                  "item": "minecraft:emerald",
                  "quantity": 1,
                  "price_multiplier": 0.05
                }
              ],
              "gives": [
                {
                  "item": "minecraft:brick",
                  "quantity": 16
                }
              ],
              "trader_exp": 2,
              "max_uses": 4,
              "reward_exp": true
            }
          ]
        }
      ]
    },
    {
      "total_exp_required": 10,
      "groups": [
        {
          "num_to_select": 1,
          "trades": [
            {
              "wants": [
                {
                  "item": "minecraft:stone:0",
                  "quantity": 20,
                  "price_multiplier": 0.05
                }
              ],
              "gives": [
                {
                  "item": "minecraft:emerald",
                  "quantity": 1
                }
              ],
              "trader_exp": 5,
              "max_uses": 4,
              "reward_exp": true
            }
          ]
        },
        {
          "num_to_select": 1,
          "trades": [
            {
              "wants": [
                {
                  "item": "minecraft:emerald",
                  "quantity": 1,
                  "price_multiplier": 0.05
                }
              ],
              "gives": [
                {
                  "item": "minecraft:stonebrick:3",
                  "quantity": 4
                }
              ],
              "trader_exp": 10,
              "max_uses": 4,
              "reward_exp": true
            }
          ]
        }
      ]
    },
    {
      "total_exp_required": 60,
      "groups": [
        {
          "num_to_select": 1,
          "trades": [
            {
              "wants": [
                {
                  "item": "minecraft:stone:1",
                  "quantity": 16,
                  "price_multiplier": 0.05
                }
              ],
              "gives": [
                {
                  "item": "minecraft:emerald",
                  "quantity": 1
                }
              ],
              "trader_exp": 10,
              "max_uses": 4,
              "reward_exp": true
            },
            {
              "wants": [
                {
                  "item": "minecraft:stone:3",
                  "quantity": 16,
                  "price_multiplier": 0.05
                }
              ],
              "gives": [
                {
                  "item": "minecraft:emerald",
                  "quantity": 1
                }
              ],
              "trader_exp": 10,
              "max_uses": 4,
              "reward_exp": true
            },
            {
              "wants": [
                {
                  "item": "minecraft:stone:5",
                  "quantity": 16,
                  "price_multiplier": 0.05
                }
              ],
              "gives": [
                {
                  "item": "minecraft:emerald",
                  "quantity": 1
                }
              ],
              "trader_exp": 10,
              "max_uses": 4,
              "reward_exp": true
            }
          ]
        },
        {
          "num_to_select": 1,
          "trades": [
            {
              "wants": [
                {
                  "item": "minecraft:emerald",
                  "quantity": 1,
                  "price_multiplier": 0.05
                }
              ],
              "gives": [
                {
                  "item": "minecraft:stone:2",
                  "quantity": 4
                }
              ],
              "trader_exp": 10,
              "max_uses": 4,
              "reward_exp": true
            },
            {
              "wants": [
                {
                  "item": "minecraft:emerald",
                  "quantity": 1,
                  "price_multiplier": 0.05
                }
              ],
              "gives": [
                {
                  "item": "minecraft:stone:4",
                  "quantity": 14
                }
              ],
              "trader_exp": 10,
              "max_uses": 4,
              "reward_exp": true
            },
            {
              "wants": [
                {
                  "item": "minecraft:emerald",
                  "quantity": 1,
                  "price_multiplier": 0.05
                }
              ],
              "gives": [
                {
                  "item": "minecraft:stone:6",
                  "quantity": 4
                }
              ],
              "trader_exp": 10,
              "max_uses": 4,
              "reward_exp": true
            }
          ]
        }
      ]
    },
    {
      "total_exp_required": 160,
      "groups": [
        {
          "num_to_select": 1,
          "trades": [
            {
              "wants": [
                {
                  "item": "minecraft:quartz",
                  "quantity": 12,
                  "price_multiplier": 0.05
                }
              ],
              "gives": [
                {
                  "item": "minecraft:emerald",
                  "quantity": 1
                }
              ],
              "trader_exp": 15,
              "max_uses": 4,
              "reward_exp": true
            }
          ]
        },
        {
          "num_to_select": 1,
          "trades": [
            {
              "wants": [
                {
                  "item": "minecraft:emerald",
                  "quantity": 1,
                  "price_multiplier": 0.05
                }
              ],
              "gives": [
                {
                  "item": "minecraft:black_glazed_terracotta",
                  "quantity": 1
                }
              ],
              "trader_exp": 30,
              "max_uses": 4,
              "reward_exp": true
            },
            {
              "wants": [
                {
                  "item": "minecraft:emerald",
                  "quantity": 1,
                  "price_multiplier": 0.05
                }
              ],
              "gives": [
                {
                  "item": "minecraft:blue_glazed_terracotta",
                  "quantity": 1
                }
              ],
              "trader_exp": 30,
              "max_uses": 4,
              "reward_exp": true
            },
            {
              "wants": [
                {
                  "item": "minecraft:emerald",
                  "quantity": 1,
                  "price_multiplier": 0.05
                }
              ],
              "gives": [
                {
                  "item": "minecraft:brown_glazed_terracotta",
                  "quantity": 1
                }
              ],
              "trader_exp": 30,
              "max_uses": 4,
              "reward_exp": true
            },
            {
              "wants": [
                {
                  "item": "minecraft:emerald",
                  "quantity": 1,
                  "price_multiplier": 0.05
                }
              ],
              "gives": [
                {
                  "item": "minecraft:cyan_glazed_terracotta",
                  "quantity": 1
                }
              ],
              "trader_exp": 30,
              "max_uses": 4,
              "reward_exp": true
            },
            {
              "wants": [
                {
                  "item": "minecraft:emerald",
                  "quantity": 1,
                  "price_multiplier": 0.05
                }
              ],
              "gives": [
                {
                  "item": "minecraft:gray_glazed_terracotta",
                  "quantity": 1
                }
              ],
              "trader_exp": 30,
              "max_uses": 4,
              "reward_exp": true
            },
            {
              "wants": [
                {
                  "item": "minecraft:emerald",
                  "quantity": 1,
                  "price_multiplier": 0.05
                }
              ],
              "gives": [
                {
                  "item": "minecraft:green_glazed_terracotta",
                  "quantity": 1
                }
              ],
              "trader_exp": 30,
              "max_uses": 4,
              "reward_exp": true
            },
            {
              "wants": [
                {
                  "item": "minecraft:emerald",
                  "quantity": 1,
                  "price_multiplier": 0.05
                }
              ],
              "gives": [
                {
                  "item": "minecraft:light_blue_glazed_terracotta",
                  "quantity": 1
                }
              ],
              "trader_exp": 30,
              "max_uses": 4,
              "reward_exp": true
            },
            {
              "wants": [
                {
                  "item": "minecraft:emerald",
                  "quantity": 1,
                  "price_multiplier": 0.05
                }
              ],
              "gives": [
                {
                  "item": "minecraft:lime_glazed_terracotta",
                  "quantity": 1
                }
              ],
              "trader_exp": 30,
              "max_uses": 4,
              "reward_exp": true
            },
            {
              "wants": [
                {
                  "item": "minecraft:emerald",
                  "quantity": 1,
                  "price_multiplier": 0.05
                }
              ],
              "gives": [
                {
                  "item": "minecraft:magenta_glazed_terracotta",
                  "quantity": 1
                }
              ],
              "trader_exp": 30,
              "max_uses": 4,
              "reward_exp": true
            },
            {
              "wants": [
                {
                  "item": "minecraft:emerald",
                  "quantity": 1,
                  "price_multiplier": 0.05
                }
              ],
              "gives": [
                {
                  "item": "minecraft:orange_glazed_terracotta",
                  "quantity": 1
                }
              ],
              "trader_exp": 30,
              "max_uses": 4,
              "reward_exp": true
            },
            {
              "wants": [
                {
                  "item": "minecraft:emerald",
                  "quantity": 1,
                  "price_multiplier": 0.05
                }
              ],
              "gives": [
                {
                  "item": "minecraft:pink_glazed_terracotta",
                  "quantity": 1
                }
              ],
              "trader_exp": 30,
              "max_uses": 4,
              "reward_exp": true
            },
            {
              "wants": [
                {
                  "item": "minecraft:emerald",
                  "quantity": 1,
                  "price_multiplier": 0.05
                }
              ],
              "gives": [
                {
                  "item": "minecraft:purple_glazed_terracotta",
                  "quantity": 1
                }
              ],
              "trader_exp": 30,
              "max_uses": 4,
              "reward_exp": true
            },
            {
              "wants": [
                {
                  "item": "minecraft:emerald",
                  "quantity": 1,
                  "price_multiplier": 0.05
                }
              ],
              "gives": [
                {
                  "item": "minecraft:red_glazed_terracotta",
                  "quantity": 1
                }
              ],
              "trader_exp": 30,
              "max_uses": 4,
              "reward_exp": true
            },
            {
              "wants": [
                {
                  "item": "minecraft:emerald",
                  "quantity": 1,
                  "price_multiplier": 0.05
                }
              ],
              "gives": [
                {
                  "item": "minecraft:silver_glazed_terracotta",
                  "quantity": 1
                }
              ],
              "trader_exp": 30,
              "max_uses": 4,
              "reward_exp": true
            },
            {
              "wants": [
                {
                  "item": "minecraft:emerald",
                  "quantity": 1,
                  "price_multiplier": 0.05
                }
              ],
              "gives": [
                {
                  "item": "minecraft:white_glazed_terracotta",
                  "quantity": 1
                }
              ],
              "trader_exp": 30,
              "max_uses": 4,
              "reward_exp": true
            },
            {
              "wants": [
                {
                  "item": "minecraft:emerald",
                  "quantity": 1,
                  "price_multiplier": 0.05
                }
              ],
              "gives": [
                {
                  "item": "minecraft:yellow_glazed_terracotta",
                  "quantity": 1
                }
              ],
              "trader_exp": 30,
              "max_uses": 4,
              "reward_exp": true
            }
          ]
        }
      ]
    },

    {
      "total_exp_required": 310,
      "groups": [
        {
          "num_to_select": 1,
          "trades": [
            {
              "wants": [
                {
                  "item": "minecraft:emerald",
                  "quantity": 1,
                  "price_multiplier": 0.05
                }
              ],
              "gives": [
                {
                  "item": "minecraft:quartz_block:2",
                  "quantity": 1
                }
              ],
              "trader_exp": 0,
              "max_uses": 4,
              "reward_exp": true
            }
          ]
        }
      ]
    }
  ]
}
